cliente_id,nombre,email,telefono,latitud,longitud,fecha_registro,preferencia_categoria,es_vip,h3_index
1,Catalina González,catalina.gonzález@email.com,2618038374,-32.874599,-68.849948,2021-03-27,Bebidas,False,89b2eea1e37ffff
2,Juan Sánchez,juan.sánchez@email.com,2613608513,-32.870069,-68.800109,2021-03-16,Tortas,False,89b2eea0ad3ffff
3,Javier López,javier.lópez@email.com,2615437923,-32.896525,-68.852824,2024-07-10,Pan,False,89b2eea1a27ffff
4,Martina López,martina.lópez@email.com,2615918715,-32.842124,-68.822777,2024-08-25,,False,89b2eea03dbffff
5,Florencia Torres,florencia.torres@email.com,,-32.903584,-68.829523,2023-09-16,Facturas,False,89b2eeae6cbffff
6,Carlos Gómez,carlos.gómez@email.com,2618606962,-32.903403,-68.859772,2023-07-25,Tortas,False,89b2eeaf483ffff
7,Florencia Pérez,florencia.pérez@email.com,2612197935,-32.882241,-68.903198,2023-06-01,,False,89b2eeaa89bffff
8,Sofía Sánchez,sofía.sánchez@email.com,2614684531,-32.941248,-68.862669,2023-11-03,Tortas,False,89b2eeaf383ffff
9,María Gómez,maría.gómez@email.com,2617730428,-32.919885,-68.836373,2021-07-02,Pan,False,89b2eeaf5abffff
10,Gonzalo Ruiz,gonzalo.ruiz@email.com,2618698256,-32.916741,-68.888169,2020-10-19,Tortas,False,89b2eeaf6c7ffff
11,Martina Navarro,martina.navarro@email.com,2617700828,-32.845531,-68.852573,2022-01-11,Facturas,True,89b2eea118fffff
12,Luis Gutiérrez,luis.gutiérrez@email.com,2612839607,-32.887474,-68.888542,2020-11-09,,False,89b2eeaad7bffff
13,Camila Domínguez,,2618852574,-32.905831,-68.842472,2022-12-19,Tortas,True,89b2eea1b63ffff
14,Juan López,juan.lópez@email.com,2615476583,-32.92403,-68.834529,2024-04-23,,False,89b2eeaf523ffff
15,Valentina Álvarez,valentina.álvarez@email.com,,-32.907519,-68.854551,2024-01-18,,False,89b2eeaf4a3ffff
16,Alejandro Sánchez,alejandro.sánchez@email.com,,-32.907551,-68.790232,2023-07-04,Tortas,False,89b2eeae55bffff
17,Alejandro Domínguez,alejandro.domínguez@email.com,2613710343,-32.889905,-68.877531,2023-01-09,Otros,True,89b2eeaa993ffff
18,Catalina Ruiz,catalina.ruiz@email.com,,-32.864824,-68.882425,2022-01-13,Tortas,False,89b2eea1373ffff
19,Sofía Torres,sofía.torres@email.com,,-32.883234,-68.90459,2022-09-22,Pan,True,89b2eeaa8d7ffff
20,Martina Martínez,martina.martínez@email.com,2613770370,-32.929346,-68.839894,2021-06-26,Otros,True,89b2eeaf193ffff
21,Camila Pérez,camila.pérez@email.com,2614374754,-32.867346,-68.840659,2023-12-31,Tortas,False,89b2eea1c63ffff
22,Florencia Romero,florencia.romero@email.com,2615159166,-32.892969,-68.854833,2021-04-05,Pan,False,89b2eea1a33ffff
23,Gonzalo Navarro,gonzalo.navarro@email.com,2612191066,-32.933856,-68.867395,2023-12-20,,False,89b2eeaf073ffff
24,Carlos Rodríguez,carlos.rodríguez@email.com,,-32.903319,-68.814086,2021-05-02,Tortas,False,89b2eeae687ffff
25,Pedro Navarro,pedro.navarro@email.com,2618930103,-32.879191,-68.898691,2021-05-12,Bebidas,False,89b2eeaac2bffff
26,Pedro López,,2618106470,-32.879777,-68.857352,2022-04-21,Bebidas,True,89b2eea1a93ffff
27,María López,,2612833230,-32.909808,-68.82745,2021-05-24,Facturas,False,89b2eeae643ffff
28,Martín Martínez,martín.martínez@email.com,2615191056,-32.85857,-68.817862,2024-11-25,Pan,False,89b2eea036fffff
29,Martina López,,2611247595,-32.914677,-68.855076,2020-07-10,Facturas,False,89b2eeaf423ffff
30,Victoria Alonso,victoria.alonso@email.com,2611983738,-32.879562,-68.816534,2020-12-03,Bebidas,False,89b2eea199bffff
31,Javier Martín,javier.martín@email.com,2615785687,-32.903875,-68.85137,2022-05-16,,True,89b2eea1b4fffff
32,Martina Alonso,martina.alonso@email.com,2611981186,-32.92269,-68.881686,2023-04-01,,False,89b2eeaf607ffff
33,Miguel Rodríguez,,2619910817,-32.865124,-68.805113,2020-11-18,Pan,True,89b2eea1db7ffff
34,Carlos Sánchez,,,-32.89166,-68.815694,2024-10-31,Facturas,False,89b2eea193bffff
35,Gonzalo Gómez,gonzalo.gómez@email.com,,-32.878651,-68.865154,2020-06-16,Bebidas,False,89b2eea1e6bffff
36,Gonzalo Gutiérrez,gonzalo.gutiérrez@email.com,2616271130,-32.878658,-68.799659,2021-05-03,Tortas,False,89b2eea0a0bffff
37,Valentina Romero,valentina.romero@email.com,2612217071,-32.890575,-68.798861,2020-01-20,Bebidas,False,89b2eeae4d7ffff
38,Gonzalo López,,2615449324,-32.968092,-68.821143,2020-09-28,Tortas,True,89b2eeac007ffff
39,Sofía Díaz,sofía.díaz@email.com,2616075395,-32.886889,-68.85477,2023-06-06,,False,89b2eea1abbffff
40,Martina Jiménez,martina.jiménez@email.com,,-32.886747,-68.905427,2024-12-03,Facturas,False,89b2eeaa8c7ffff
41,Ana Navarro,ana.navarro@email.com,2614533779,-32.89609,-68.835087,2024-01-09,Tortas,False,89b2eea1bbbffff
42,Diego Gutiérrez,diego.gutiérrez@email.com,2611852264,-32.845163,-68.861348,2020-07-08,,False,89b2eea11c7ffff
43,Diego Rodríguez,,2615394880,-32.913755,-68.860853,2020-11-26,,False,89b2eeaf43bffff
44,Camila Navarro,,,-32.862038,-68.835937,2024-12-13,,True,89b2eea1c0fffff
45,Martina Rodríguez,martina.rodríguez@email.com,2613484601,-32.905393,-68.830402,2022-05-30,Facturas,False,89b2eea1b27ffff
46,Florencia Rodríguez,florencia.rodríguez@email.com,2615186414,-32.886588,-68.816741,2023-09-27,Pan,False,89b2eea1913ffff
47,Martina Álvarez,martina.álvarez@email.com,2614971793,-32.910562,-68.85563,2024-11-05,Facturas,True,89b2eeaf4abffff
48,Laura Álvarez,,2616573147,-32.901263,-68.889705,2024-05-21,Bebidas,False,89b2eeaa957ffff
49,Sofía Martín,sofía.martín@email.com,2617417985,-32.880616,-68.837968,2024-11-21,Pan,True,89b2eea180fffff
50,Sofía Pérez,sofía.pérez@email.com,2616120253,-32.889347,-68.852838,2024-08-07,Facturas,False,89b2eea1aabffff
51,Pedro Moreno,pedro.moreno@email.com,2615682940,-32.931961,-68.858419,2021-12-20,,False,89b2eeaf033ffff
52,Martina Ruiz,martina.ruiz@email.com,,-32.899781,-68.869868,2021-06-18,Facturas,False,89b2eeaa9a7ffff
53,Diego Rodríguez,diego.rodríguez@email.com,2616262632,-32.894339,-68.833678,2022-06-12,Otros,True,89b2eea1b87ffff
54,Ana Moreno,ana.moreno@email.com,2611744682,-32.832914,-68.840563,2023-12-22,Bebidas,False,89b2eea02c3ffff
55,Martina Pérez,martina.pérez@email.com,,-32.881773,-68.848033,2023-09-22,Tortas,False,89b2eea1843ffff
56,Ana Jiménez,ana.jiménez@email.com,2616472441,-32.947063,-68.846595,2022-04-04,,False,89b2eeaf163ffff
57,Luis Pérez,luis.pérez@email.com,2613919694,-32.887693,-68.771903,2023-06-14,Otros,False,89b2eea0b07ffff
58,Martina González,martina.gonzález@email.com,2616406444,-32.895271,-68.836754,2022-08-10,Bebidas,False,89b2eea1b8fffff
59,Pedro Gutiérrez,pedro.gutiérrez@email.com,2613846949,-32.890541,-68.88086,2023-09-11,Pan,False,89b2eeaa99bffff
60,Catalina Ruiz,,2614940441,-32.855215,-68.823242,2023-10-09,Tortas,False,89b2eea1cb7ffff
61,Pedro Martínez,,2618971465,-32.865769,-68.873082,2023-06-05,Pan,False,89b2eea1323ffff
62,Gonzalo Pérez,gonzalo.pérez@email.com,2617705062,-32.847416,-68.887856,2021-05-14,Facturas,False,89b2eea12b7ffff
63,Juan López,juan.lópez@email.com,2619689889,-32.871894,-68.780086,2022-08-09,Pan,False,89b2eea087bffff
64,Ana Romero,ana.romero@email.com,2619910914,-32.919216,-68.862789,2023-02-18,Otros,False,89b2eeaf467ffff
65,Martín Domínguez,martín.domínguez@email.com,2618159521,-32.88651,-68.860904,2024-08-28,Otros,False,89b2eea1a13ffff
66,Laura Alonso,laura.alonso@email.com,2615652512,-32.93602,-68.843743,2024-04-17,Otros,False,89b2eeaf113ffff
67,Sofía Martín,sofía.martín@email.com,2614934149,-32.921369,-68.831592,2021-07-10,Tortas,False,89b2eeae2dbffff
68,Martina Fernández,martina.fernández@email.com,2613563646,-32.917083,-68.799302,2023-12-17,Facturas,False,89b2eeae003ffff
69,Camila Ruiz,camila.ruiz@email.com,2614470105,-32.912998,-68.855462,2024-09-01,Bebidas,False,89b2eeaf433ffff
70,Gonzalo González,gonzalo.gonzález@email.com,2617381734,-32.865094,-68.882726,2022-09-03,Pan,True,89b2eea1373ffff
71,Valentina Moreno,valentina.moreno@email.com,2618030010,-32.882676,-68.806586,2023-01-07,,False,89b2eea0a4fffff
72,Catalina Gómez,catalina.gómez@email.com,2619147720,-32.937724,-68.840261,2020-02-29,Bebidas,False,89b2eeaf117ffff
73,Javier Sánchez,javier.sánchez@email.com,2619961107,-32.881704,-68.822345,2020-02-25,Bebidas,False,89b2eea19c3ffff
74,Juan Fernández,juan.fernández@email.com,,-32.926609,-68.885414,2022-08-03,Facturas,False,89b2eeaf677ffff
75,Javier Ruiz,javier.ruiz@email.com,2617360682,-32.873842,-68.83689,2021-07-23,Bebidas,False,89b2eea188bffff
76,Carlos Alonso,,2616871360,-32.881985,-68.835407,2021-04-04,,False,89b2eea183bffff
77,María González,maría.gonzález@email.com,2611341919,-32.909901,-68.838832,2023-06-26,Facturas,False,89b2eeaf593ffff
78,Victoria López,victoria.lópez@email.com,2615299055,-32.880708,-68.867231,2024-04-19,Tortas,False,89b2eea1ad3ffff
79,Catalina López,catalina.lópez@email.com,2616218367,-32.833527,-68.831585,2020-08-09,Otros,False,89b2eea028fffff
80,Valentina Torres,valentina.torres@email.com,2617654757,-32.925239,-68.826103,2024-01-04,Facturas,False,89b2eeae2cfffff
81,Sofía López,sofía.lópez@email.com,2613030966,-32.91874,-68.822187,2024-06-18,Otros,False,89b2eeae66fffff
82,Florencia Navarro,florencia.navarro@email.com,2619488613,-32.854742,-68.87042,2023-08-19,Tortas,False,89b2eea13b3ffff
83,Camila Alonso,camila.alonso@email.com,2618713146,-32.860599,-68.833417,2023-12-19,Facturas,False,89b2eea1c07ffff
84,Alejandro Martín,alejandro.martín@email.com,2619111742,-32.864838,-68.788896,2022-08-10,Bebidas,False,89b2eea0e2fffff
85,Gonzalo Martín,gonzalo.martín@email.com,2612453962,-32.896862,-68.868412,2021-07-25,Bebidas,False,89b2eea1a7bffff
86,Martín Torres,martín.torres@email.com,2611481506,-32.916185,-68.870274,2022-10-09,Tortas,False,89b2eeaf47bffff
87,Pedro Díaz,pedro.díaz@email.com,2615635017,-32.891813,-68.835565,2023-02-12,Pan,False,89b2eea1b83ffff
88,Pedro Fernández,pedro.fernández@email.com,2615031966,-32.881199,-68.820985,2023-11-15,Bebidas,False,89b2eea19d7ffff
89,Victoria Romero,victoria.romero@email.com,,-32.88911,-68.802194,2021-03-29,Bebidas,False,89b2eeae4d3ffff
90,Valentina Torres,valentina.torres@email.com,2616767292,-32.89744,-68.764195,2022-05-21,,False,89b2eea5643ffff
91,Florencia Romero,florencia.romero@email.com,2613024269,-32.87073,-68.871515,2024-01-17,Facturas,False,89b2eea1e5bffff
92,Martina Sánchez,martina.sánchez@email.com,2615638893,-32.921627,-68.831326,2024-01-23,Otros,True,89b2eeae2dbffff
93,Alejandro Domínguez,alejandro.domínguez@email.com,,-32.896204,-68.82438,2021-02-01,Tortas,False,89b2eea196bffff
94,Laura Jiménez,,2615602180,-32.875303,-68.847985,2020-04-03,Pan,False,89b2eea18cbffff
95,Luis Alonso,luis.alonso@email.com,,-32.914904,-68.891245,2021-08-05,Bebidas,False,89b2eeaf6c3ffff
96,Miguel Sánchez,miguel.sánchez@email.com,2619014965,-32.902895,-68.820108,2020-08-21,Pan,False,89b2eeae68bffff
97,Carlos Torres,carlos.torres@email.com,,-32.883077,-68.883172,2020-11-01,Otros,True,89b2eeaad0fffff
98,Carlos Gómez,carlos.gómez@email.com,2614786401,-32.884305,-68.83424,2024-05-07,Otros,False,89b2eea1823ffff
99,Martín Jiménez,martín.jiménez@email.com,2616123430,-32.916016,-68.841188,2023-03-10,Otros,False,89b2eeaf513ffff
100,Ana Pérez,ana.pérez@email.com,2612362099,-32.887754,-68.880089,2020-11-17,Facturas,False,89b2eeaad2bffff
101,Carlos Sánchez,,2618883823,-32.878766,-68.828976,2021-08-19,Pan,False,89b2eea18a3ffff
102,Valentina Romero,,2615438490,-32.857008,-68.814186,2024-06-01,,False,89b2eea0367ffff
103,Pedro Álvarez,pedro.álvarez@email.com,2613499627,-32.93083,-68.873935,2021-06-28,Facturas,False,89b2eeaf043ffff
104,Laura Jiménez,laura.jiménez@email.com,2615842082,-32.874049,-68.830386,2022-06-18,Pan,False,89b2eea18b3ffff
105,Valentina Moreno,valentina.moreno@email.com,2619284509,-32.874049,-68.730218,2022-06-15,Pan,False,89b2eea7267ffff
106,Camila Ruiz,camila.ruiz@email.com,,-32.872373,-68.811733,2021-04-13,,False,89b2eea1d3bffff
107,Gonzalo Torres,gonzalo.torres@email.com,2615521644,-32.86088,-68.826258,2023-03-26,Pan,False,89b2eea1cafffff
108,Laura Alonso,laura.alonso@email.com,2615666692,-32.898958,-68.823031,2021-01-06,Otros,False,89b2eea196fffff
109,Victoria Fernández,victoria.fernández@email.com,2616386463,-32.912685,-68.852905,2023-10-04,Pan,True,89b2eeaf437ffff
110,Miguel Álvarez,miguel.álvarez@email.com,2617718473,-32.904061,-68.843344,2024-07-24,Otros,False,89b2eea1b73ffff
111,Carlos Ruiz,carlos.ruiz@email.com,,-32.82006,-68.901818,2024-05-01,Bebidas,True,89b2eeb896bffff
112,Juan Navarro,juan.navarro@email.com,,-32.868912,-68.894181,2022-11-27,Tortas,False,89b2eeaacbbffff
113,Victoria Romero,victoria.romero@email.com,2613198037,-32.903658,-68.813131,2021-08-12,Bebidas,True,89b2eeae687ffff
114,Victoria López,,2615014745,-32.887572,-68.878132,2023-12-24,Facturas,False,89b2eeaad2bffff
115,Juan Navarro,juan.navarro@email.com,2612903561,-32.910959,-68.825412,2022-08-03,Pan,False,89b2eeae647ffff
116,Luis Alonso,luis.alonso@email.com,2615587308,-32.911411,-68.839306,2022-04-30,Bebidas,True,89b2eeaf583ffff
117,Sofía Romero,sofía.romero@email.com,2619526867,-32.888133,-68.865348,2024-03-08,Facturas,True,89b2eea1a1bffff
118,Diego Álvarez,diego.álvarez@email.com,2615482413,-32.825182,-68.826782,2024-08-07,Pan,False,89b2eea0623ffff
119,Valentina Torres,valentina.torres@email.com,2613493017,-32.950254,-68.840206,2022-07-03,Otros,False,89b2eeac697ffff
120,Miguel Navarro,miguel.navarro@email.com,2616398528,-32.909354,-68.820227,2024-11-15,Facturas,True,89b2eeae603ffff
121,Sofía Torres,sofía.torres@email.com,2617891662,-32.913276,-68.849242,2020-03-30,Tortas,False,89b2eeaf5c3ffff
122,Javier Moreno,javier.moreno@email.com,2613551903,-32.87435,-68.819827,2022-10-11,Pan,False,89b2eea1d63ffff
123,Gonzalo Ruiz,gonzalo.ruiz@email.com,2618387112,-32.925509,-68.855835,2020-07-23,Otros,True,89b2eeaf0b3ffff
124,Juan Martínez,juan.martínez@email.com,2613589751,-32.903748,-68.8654,2020-06-02,Bebidas,False,89b2eeaf4d7ffff
125,Diego Ruiz,diego.ruiz@email.com,2612347467,-32.836536,-68.833651,2024-10-10,Tortas,True,89b2eea0213ffff
126,Martina Moreno,martina.moreno@email.com,2619186400,-32.927327,-68.818264,2024-11-21,Otros,False,89b2eeae217ffff
127,Carlos Gómez,carlos.gómez@email.com,2614816586,-32.825835,-68.814826,2024-03-09,Pan,False,89b2eea001bffff
128,Ana López,ana.lópez@email.com,2611485654,-32.935081,-68.860327,2020-04-04,Tortas,False,89b2eeaf023ffff
129,Valentina Díaz,valentina.díaz@email.com,,-32.851493,-68.86703,2022-12-23,Bebidas,False,89b2eea1143ffff
130,Laura Sánchez,laura.sánchez@email.com,2617418028,-32.876185,-68.822561,2023-06-23,,False,89b2eea1d6bffff
131,Gonzalo Martínez,gonzalo.martínez@email.com,2618710313,-32.917308,-68.847586,2021-06-06,,False,89b2eeaf5cfffff
132,Martín Jiménez,martín.jiménez@email.com,2618410995,-32.986738,-68.876532,2021-12-08,Otros,False,89b2eead1cfffff
133,Camila Martín,camila.martín@email.com,2617454081,-32.897077,-68.883233,2024-10-13,Bebidas,False,89b2eeaa913ffff
134,Javier Torres,javier.torres@email.com,2615953150,-32.840528,-68.888704,2020-02-14,,False,89b2eea105bffff
135,Juan Torres,juan.torres@email.com,2611822825,-32.902701,-68.841878,2023-05-26,,False,89b2eea1b73ffff
136,Valentina Gómez,valentina.gómez@email.com,2614189885,-32.846262,-68.888876,2023-06-25,Tortas,False,89b2eea12b3ffff
137,Luis López,luis.lópez@email.com,2616183033,-32.854605,-68.845493,2024-06-03,Bebidas,False,89b2eea1ccbffff
138,Florencia Martínez,,2617970985,-32.918945,-68.831937,2020-12-25,Facturas,False,89b2eeaf5afffff
139,Martina Díaz,martina.díaz@email.com,2613760597,-32.883528,-68.863807,2021-06-10,Bebidas,True,89b2eea1ad7ffff
140,Valentina Ruiz,valentina.ruiz@email.com,2612263313,-32.887406,-68.857359,2020-10-15,Facturas,True,89b2eea1a17ffff
141,Javier Navarro,javier.navarro@email.com,2611233516,-32.886094,-68.825936,2021-06-25,Otros,False,89b2eea1953ffff
142,Florencia Martín,florencia.martín@email.com,2617232293,-32.841919,-68.882934,2020-08-09,,False,89b2eea1057ffff
143,Juan Domínguez,juan.domínguez@email.com,2614713925,-32.825509,-68.904363,2023-08-19,Pan,False,89b2eea16c3ffff
144,Martín Jiménez,martín.jiménez@email.com,,-32.894054,-68.82815,2020-04-02,Pan,False,89b2eea194fffff
145,Victoria López,,2613276065,-32.88107,-68.864481,2022-03-06,Bebidas,False,89b2eea1ad3ffff
146,Martina Álvarez,martina.álvarez@email.com,2617960607,-32.895744,-68.86059,2023-09-03,Pan,False,89b2eea1a77ffff
147,Catalina Álvarez,catalina.álvarez@email.com,2617216461,-32.907181,-68.820312,2021-03-20,Bebidas,False,89b2eeae603ffff
148,Sofía Díaz,,2617017548,-32.87879,-68.866587,2020-05-04,Bebidas,False,89b2eea1e6bffff
149,Ana Romero,,2611358318,-32.862512,-68.836581,2020-04-13,Tortas,False,89b2eea1c0fffff
150,Luis Torres,luis.torres@email.com,2614475523,-32.865114,-68.826911,2023-04-15,Facturas,False,89b2eea1c27ffff
151,Sofía Ruiz,sofía.ruiz@email.com,2611047572,-32.91437,-68.862605,2021-07-21,Facturas,True,89b2eeaf477ffff
152,Martina Martín,martina.martín@email.com,,-32.867081,-68.827489,2024-11-09,Pan,False,89b2eea1c27ffff
153,Florencia Gómez,florencia.gómez@email.com,,-32.890127,-68.84228,2021-06-27,Pan,False,89b2eea186fffff
154,Camila Gutiérrez,camila.gutiérrez@email.com,,-32.85117,-68.863547,2022-07-07,Tortas,False,89b2eea1157ffff
155,Ana Romero,ana.romero@email.com,2611727544,-32.873087,-68.851866,2024-01-29,,False,89b2eea1e33ffff
156,Martín González,,2617738019,-32.89603,-68.812837,2022-05-23,,False,89b2eea192fffff
157,Martín Fernández,martín.fernández@email.com,2613488628,-32.864738,-68.821395,2020-05-14,Facturas,False,89b2eea1dcfffff
158,Gonzalo Navarro,gonzalo.navarro@email.com,2619901266,-32.850336,-68.84517,2021-08-26,Bebidas,False,89b2eea11a7ffff
159,Camila López,camila.lópez@email.com,,-32.869041,-68.855108,2023-09-02,,True,89b2eea1e17ffff
160,Martina Pérez,martina.pérez@email.com,2617942639,-32.879775,-68.849704,2021-11-25,Bebidas,False,89b2eea185bffff
161,Ana Ruiz,ana.ruiz@email.com,2617279729,-32.88659,-68.827945,2020-11-08,,True,89b2eea1953ffff
162,Carlos Fernández,carlos.fernández@email.com,,-32.914047,-68.783028,2020-07-16,,False,89b2eeae57bffff
163,Luis Navarro,,2616530541,-32.919681,-68.882226,2023-10-04,Pan,False,89b2eeaf617ffff
164,Camila Rodríguez,camila.rodríguez@email.com,2616899644,-32.854757,-68.82205,2020-07-31,Otros,False,89b2eea037bffff
165,Luis Alonso,luis.alonso@email.com,,-32.870776,-68.82695,2024-09-27,Otros,False,89b2eea1d43ffff
166,Diego Torres,diego.torres@email.com,2611440466,-32.889867,-68.872718,2023-06-01,,False,89b2eea1a5bffff
167,Diego González,diego.gonzález@email.com,2616183902,-32.887226,-68.866115,2021-11-26,Tortas,False,89b2eea1acfffff
168,Luis Torres,luis.torres@email.com,,-32.860246,-68.850212,2024-02-26,,True,89b2eea1c5bffff
169,Carlos Gutiérrez,carlos.gutiérrez@email.com,2616719285,-32.914265,-68.855442,2020-11-18,Tortas,False,89b2eeaf423ffff
170,Miguel Torres,miguel.torres@email.com,2613610197,-32.877112,-68.862712,2020-11-18,Otros,False,89b2eea1e63ffff
171,Carlos Martín,carlos.martín@email.com,2618416270,-32.914167,-68.838489,2022-04-28,Tortas,False,89b2eeaf58fffff
172,Alejandro López,alejandro.lópez@email.com,,-32.882151,-68.861008,2023-10-20,,False,89b2eea1a9bffff
173,Alejandro Jiménez,,2611919088,-32.903631,-68.838839,2020-01-16,Facturas,False,89b2eea1b3bffff
174,Pedro Martínez,pedro.martínez@email.com,2613013003,-32.932943,-68.888024,2020-01-16,Bebidas,False,89b2eeaf2d7ffff
175,Laura Martínez,laura.martínez@email.com,2619393009,-32.911053,-68.852203,2023-02-18,,False,89b2eeaf4afffff
176,Carlos Moreno,carlos.moreno@email.com,,-32.880173,-68.801539,2020-02-08,Bebidas,True,89b2eea0a47ffff
177,Miguel Torres,miguel.torres@email.com,2618007741,-32.86377,-68.850598,2021-08-15,Pan,False,89b2eea1e87ffff
178,Miguel Sánchez,miguel.sánchez@email.com,2617070880,-32.89007,-68.875876,2020-06-29,Bebidas,False,89b2eeaad2fffff
179,Sofía Álvarez,sofía.álvarez@email.com,2617639863,-32.890055,-68.85446,2024-11-17,Tortas,False,89b2eea1aabffff
180,Sofía Ruiz,sofía.ruiz@email.com,,-32.879818,-68.870617,2023-07-20,Pan,False,89b2eeaada7ffff
181,Pedro Díaz,pedro.díaz@email.com,2613477824,-32.87392,-68.799818,2021-04-28,Pan,False,89b2eea0ac7ffff
182,Pedro Sánchez,pedro.sánchez@email.com,2612264218,-32.892763,-68.833749,2020-12-28,,False,89b2eea1b87ffff
183,Gonzalo Torres,gonzalo.torres@email.com,2616422534,-32.868796,-68.857837,2024-11-04,,False,89b2eea1e03ffff
184,Martín Fernández,martín.fernández@email.com,2615608259,-32.882777,-68.845422,2023-04-26,Pan,False,89b2eea1847ffff
185,Carlos Jiménez,carlos.jiménez@email.com,,-32.88657,-68.86899,2022-01-25,Tortas,False,89b2eea1acbffff
186,Carlos Domínguez,carlos.domínguez@email.com,2611688246,-32.888765,-68.83086,2022-07-10,Otros,False,89b2eea195bffff
187,Miguel Domínguez,miguel.domínguez@email.com,2612038068,-32.845966,-68.817022,2022-07-11,Pan,False,89b2eea031bffff
188,Miguel Fernández,miguel.fernández@email.com,2615156449,-32.824905,-68.86882,2023-12-20,Bebidas,True,89b2eea1437ffff
189,Alejandro Gutiérrez,alejandro.gutiérrez@email.com,2615746166,-32.86333,-68.8403,2022-03-04,Bebidas,False,89b2eea1c73ffff
190,Catalina Rodríguez,catalina.rodríguez@email.com,2612105817,-32.823806,-68.870049,2021-11-06,Pan,False,89b2eea1433ffff
191,Javier Jiménez,javier.jiménez@email.com,2613522845,-32.914692,-68.863782,2021-11-13,Pan,False,89b2eeaf477ffff
192,Luis Díaz,luis.díaz@email.com,2617575963,-32.953217,-68.861573,2020-09-21,Otros,False,89b2eeaf33bffff
193,Carlos Jiménez,carlos.jiménez@email.com,2616510922,-32.912274,-68.841288,2024-07-23,Facturas,False,89b2eeaf58bffff
194,Alejandro Fernández,alejandro.fernández@email.com,2617070468,-32.879247,-68.789515,2020-02-07,Tortas,False,89b2eea0a33ffff
195,Pedro Ruiz,pedro.ruiz@email.com,2614800761,-32.860987,-68.863107,2020-10-08,Facturas,False,89b2eea1ed3ffff
196,Ana Gutiérrez,ana.gutiérrez@email.com,2619833734,-32.916452,-68.831042,2020-03-18,,False,89b2eeaf5a3ffff
197,Catalina Martínez,catalina.martínez@email.com,2614034091,-32.929107,-68.790856,2024-08-29,,False,89b2eeae14bffff
198,Laura Romero,,2614985095,-32.854117,-68.859875,2022-06-28,Otros,False,89b2eea1173ffff
199,Martín Gómez,martín.gómez@email.com,2618868776,-32.940894,-68.805184,2024-09-06,Facturas,False,89b2eeae373ffff
200,Gonzalo Romero,gonzalo.romero@email.com,2617406756,-32.892936,-68.808666,2022-10-26,Otros,False,89b2eea1937ffff
201,Laura Pérez,laura.pérez@email.com,,-32.937333,-68.863781,2021-05-27,Pan,False,89b2eeaf067ffff
202,Florencia Navarro,florencia.navarro@email.com,2619655523,-32.889343,-68.844391,2024-10-09,Pan,False,89b2eea1bd3ffff
203,Laura Martín,laura.martín@email.com,2618339571,-32.903002,-68.827115,2020-07-06,Facturas,False,89b2eeae6cbffff
204,Florencia González,florencia.gonzález@email.com,2617274032,-32.921529,-68.850071,2021-04-27,Bebidas,True,89b2eeaf543ffff
205,Florencia Gómez,,2616625238,-32.885891,-68.830367,2024-06-08,Facturas,False,89b2eea1827ffff
206,Valentina Alonso,valentina.alonso@email.com,,-32.868152,-68.879539,2023-12-15,Bebidas,False,89b2eea1367ffff
207,Juan Fernández,,2613508522,-32.935523,-68.80747,2023-01-28,,False,89b2eeae3cfffff
208,Camila López,camila.lópez@email.com,2613044276,-32.879531,-68.868255,2020-04-07,Facturas,False,89b2eeaada7ffff
209,Catalina Romero,,2619385742,-32.842965,-68.84233,2023-05-07,Otros,False,89b2eea0247ffff
210,Alejandro Torres,alejandro.torres@email.com,,-32.854121,-68.843774,2022-05-29,Pan,False,89b2eea1cc3ffff
211,Sofía Torres,sofía.torres@email.com,2612436363,-32.827678,-68.79314,2022-12-08,Tortas,False,89b2eea056fffff
212,Alejandro Navarro,alejandro.navarro@email.com,2611341153,-32.896969,-68.816653,2022-03-10,Bebidas,False,89b2eea1967ffff
213,Javier Díaz,javier.díaz@email.com,,-32.870139,-68.804741,2024-06-02,Pan,False,89b2eea0adbffff
214,Ana Torres,ana.torres@email.com,2611743829,-32.918448,-68.825218,2021-12-22,Otros,False,89b2eeae66fffff
215,Laura Romero,laura.romero@email.com,2614058117,-32.857747,-68.898562,2024-07-19,Facturas,False,89b2eea122bffff
216,Martín Rodríguez,martín.rodríguez@email.com,,-32.924998,-68.906977,2021-02-12,Pan,False,89b2eea8d8bffff
217,Valentina Gutiérrez,valentina.gutiérrez@email.com,2618942330,-32.897582,-68.824274,2021-06-02,Pan,False,89b2eea196bffff
218,Pedro Jiménez,pedro.jiménez@email.com,2616568772,-32.844429,-68.843577,2021-07-13,Pan,False,89b2eea024fffff
219,Camila Moreno,camila.moreno@email.com,2617486822,-32.840642,-68.887203,2021-11-25,Facturas,False,89b2eea1053ffff
220,Victoria Díaz,victoria.díaz@email.com,2612385991,-32.940601,-68.847466,2024-01-29,Bebidas,False,89b2eeaf10bffff
221,Catalina Sánchez,catalina.sánchez@email.com,2612343333,-32.877978,-68.846781,2021-11-02,,False,89b2eea1853ffff
222,Martín Domínguez,martín.domínguez@email.com,2618447546,-32.951523,-68.848474,2021-12-20,Bebidas,False,89b2eeac6d7ffff
223,Florencia Domínguez,florencia.domínguez@email.com,2611962308,-32.928634,-68.82571,2020-06-02,,False,89b2eeae257ffff
224,Florencia Gutiérrez,florencia.gutiérrez@email.com,2611522452,-32.878502,-68.873996,2020-10-19,Otros,False,89b2eeaadbbffff
225,Martín Rodríguez,martín.rodríguez@email.com,2617145971,-32.904916,-68.877576,2022-01-11,Bebidas,True,89b2eeaa923ffff
226,María Domínguez,maría.domínguez@email.com,2617223751,-32.89138,-68.817146,2022-01-31,Bebidas,False,89b2eea190fffff
227,Gonzalo Martínez,gonzalo.martínez@email.com,2615675638,-32.919072,-68.830679,2021-05-26,Pan,False,89b2eeaf5a7ffff
228,Laura Alonso,laura.alonso@email.com,2612975701,-32.905408,-68.869586,2021-06-20,Tortas,False,89b2eeaf4cbffff
229,Pedro Domínguez,pedro.domínguez@email.com,2619240971,-32.892711,-68.876857,2021-02-13,Pan,False,89b2eeaa997ffff
230,Carlos Romero,carlos.romero@email.com,2612472884,-32.906109,-68.881736,2024-07-17,,True,89b2eeaa977ffff
231,Miguel Díaz,miguel.díaz@email.com,2615871470,-32.830558,-68.844742,2024-12-30,Tortas,True,89b2eea15afffff
232,Laura Díaz,laura.díaz@email.com,,-32.910492,-68.839381,2021-02-15,Facturas,False,89b2eeaf59bffff
233,Victoria González,victoria.gonzález@email.com,2618841768,-32.89287,-68.852429,2024-07-03,Otros,False,89b2eea1a37ffff
234,Carlos Fernández,carlos.fernández@email.com,2619030667,-32.871075,-68.823075,2022-12-12,Bebidas,False,89b2eea1d47ffff
235,Gonzalo Fernández,gonzalo.fernández@email.com,2612244282,-32.905415,-68.863075,2022-07-10,Bebidas,False,89b2eeaf4c7ffff
236,Florencia Martínez,florencia.martínez@email.com,2614052834,-32.897752,-68.914858,2024-04-21,Facturas,False,89b2eeaaab3ffff
237,María López,maría.lópez@email.com,2613717354,-32.934956,-68.804794,2021-10-22,,False,89b2eeae3cfffff
238,Alejandro Jiménez,alejandro.jiménez@email.com,2615604524,-32.840151,-68.853271,2020-09-13,,False,89b2eea1193ffff
239,Martina Fernández,martina.fernández@email.com,2613586950,-32.872203,-68.836462,2020-12-16,,False,89b2eea1883ffff
240,Catalina Ruiz,catalina.ruiz@email.com,2611476028,-32.797134,-68.812213,2020-06-15,Pan,True,89b2eea2263ffff
241,Gonzalo Martín,gonzalo.martín@email.com,2617989166,-32.893338,-68.874466,2023-06-19,,False,89b2eea1a4bffff
242,Martina Jiménez,martina.jiménez@email.com,2615108369,-32.937693,-68.839696,2024-07-06,,False,89b2eeaf117ffff
243,Martín Fernández,martín.fernández@email.com,2617972975,-32.912191,-68.888468,2022-09-18,Bebidas,False,89b2eeaf6d3ffff
244,Catalina Martínez,catalina.martínez@email.com,2616794356,-32.908897,-68.878246,2022-03-27,Facturas,False,89b2eeaa92fffff
245,Alejandro Navarro,alejandro.navarro@email.com,2613055576,-32.838886,-68.819351,2021-07-01,Bebidas,False,89b2eea03d3ffff
246,Ana Rodríguez,ana.rodríguez@email.com,2618015136,-32.889739,-68.801402,2021-05-23,Facturas,False,89b2eeae4d3ffff
247,Gonzalo Ruiz,gonzalo.ruiz@email.com,2619635649,-32.887179,-68.871639,2022-08-14,Bebidas,True,89b2eeaad27ffff
248,Victoria González,,2618671057,-32.843806,-68.829633,2021-05-08,Facturas,False,89b2eea0223ffff
249,María Rodríguez,maría.rodríguez@email.com,2618895137,-32.920617,-68.85151,2021-08-08,Otros,False,89b2eeaf543ffff
250,Ana Álvarez,ana.álvarez@email.com,2617136730,-32.915769,-68.887284,2024-04-13,Bebidas,False,89b2eeaf6c7ffff
251,Javier Rodríguez,javier.rodríguez@email.com,2615841933,-32.861715,-68.788518,2020-05-30,Bebidas,False,89b2eea0e33ffff
252,Martina Martín,martina.martín@email.com,2612993318,-32.931457,-68.828911,2020-09-20,Pan,False,89b2eeae247ffff
253,Miguel Navarro,miguel.navarro@email.com,2614339637,-32.909019,-68.860414,2023-05-18,Otros,False,89b2eeaf417ffff
254,María Rodríguez,,2618948107,-32.907272,-68.87172,2022-11-29,Bebidas,False,89b2eeaf453ffff
255,Alejandro Martínez,alejandro.martínez@email.com,2613726331,-32.888044,-68.870729,2022-03-15,Otros,False,89b2eea1a53ffff
256,Valentina Torres,valentina.torres@email.com,2619931180,-32.881386,-68.847307,2022-09-30,,False,89b2eea1843ffff
257,Victoria González,victoria.gonzález@email.com,2617988386,-32.896668,-68.873027,2023-04-10,Tortas,False,89b2eeaa9b3ffff
258,Juan Domínguez,juan.domínguez@email.com,2614817541,-32.906803,-68.823138,2024-01-17,Pan,False,89b2eeae61bffff
259,Laura Gutiérrez,laura.gutiérrez@email.com,2617378535,-32.874472,-68.875127,2020-10-29,,False,89b2eeaad87ffff
260,Gonzalo López,gonzalo.lópez@email.com,2618025967,-32.88652,-68.823258,2020-11-06,Bebidas,False,89b2eea19cfffff
261,Camila Gutiérrez,camila.gutiérrez@email.com,2612044906,-32.939582,-68.829499,2023-12-16,Facturas,False,89b2eeac4d3ffff
262,Martina Ruiz,martina.ruiz@email.com,2617322070,-32.909379,-68.828682,2021-10-04,Facturas,False,89b2eeae643ffff
263,Martina Ruiz,martina.ruiz@email.com,2615435261,-32.912398,-68.899946,2023-06-03,Bebidas,False,89b2eeaab33ffff
264,Sofía Martín,sofía.martín@email.com,2615993143,-32.938326,-68.844357,2024-04-28,Tortas,False,89b2eeaf103ffff
265,Victoria Ruiz,victoria.ruiz@email.com,2615587856,-32.881708,-68.872929,2021-08-12,Pan,False,89b2eeaadafffff
266,Martina Moreno,martina.moreno@email.com,2616790398,-32.870342,-68.895646,2024-05-02,Facturas,False,89b2eeaacabffff
267,Valentina Fernández,valentina.fernández@email.com,2615302415,-32.891482,-68.88213,2024-03-10,Bebidas,False,89b2eeaa99bffff
268,Martina Martín,martina.martín@email.com,2613303058,-32.909055,-68.844378,2020-08-11,Otros,False,89b2eea1b6fffff
269,Sofía Gómez,,2614786141,-32.915312,-68.857337,2023-07-30,Facturas,False,89b2eeaf423ffff
270,Camila Ruiz,camila.ruiz@email.com,,-32.859311,-68.863107,2024-04-27,Facturas,False,89b2eea116bffff
271,Martina Sánchez,martina.sánchez@email.com,2618980915,-32.864429,-68.879691,2022-09-04,,False,89b2eea130fffff
272,Valentina Ruiz,valentina.ruiz@email.com,,-32.873606,-68.802553,2024-04-23,Pan,False,89b2eea0acbffff
273,Sofía Navarro,sofía.navarro@email.com,2611625760,-32.963649,-68.869707,2020-12-24,Bebidas,True,89b2eead5d7ffff
274,Laura Rodríguez,laura.rodríguez@email.com,2619311162,-32.872188,-68.851891,2021-01-16,,True,89b2eea1e33ffff
275,Valentina Rodríguez,,2612800206,-32.878366,-68.86392,2021-11-17,Tortas,False,89b2eea1e6bffff
276,Martina Gutiérrez,martina.gutiérrez@email.com,2619459284,-32.886902,-68.85047,2022-08-16,Tortas,False,89b2eea1aa3ffff
277,Ana Ruiz,ana.ruiz@email.com,2615316188,-32.854467,-68.838167,2024-01-11,Facturas,False,89b2eea1cc7ffff
278,Miguel Jiménez,miguel.jiménez@email.com,2613944316,-32.879372,-68.858156,2023-06-05,,True,89b2eea1a93ffff
279,Camila Gutiérrez,camila.gutiérrez@email.com,2612600296,-32.904128,-68.858777,2021-01-13,Facturas,False,89b2eeaf48fffff
280,Sofía González,sofía.gonzález@email.com,2615479421,-32.877666,-68.85843,2021-11-06,Tortas,False,89b2eea1e67ffff
281,Gonzalo González,gonzalo.gonzález@email.com,2614964499,-32.880807,-68.783538,2020-05-07,,False,89b2eea0bdbffff
282,Valentina Sánchez,valentina.sánchez@email.com,2616217344,-32.863366,-68.855581,2023-11-14,Pan,False,89b2eea1e83ffff
283,Valentina Díaz,valentina.díaz@email.com,2613240912,-32.853464,-68.858042,2022-09-06,Facturas,False,89b2eea110fffff
284,Catalina Díaz,catalina.díaz@email.com,2618899184,-32.950644,-68.876043,2024-03-31,Otros,False,89b2eeaf343ffff
285,Pedro Gómez,pedro.gómez@email.com,2612373555,-32.945624,-68.856345,2022-12-12,Bebidas,False,89b2eeaf3b3ffff
286,Florencia Fernández,florencia.fernández@email.com,,-32.888947,-68.795507,2024-08-24,Otros,True,89b2eeae49bffff
287,Pedro Torres,pedro.torres@email.com,2619729882,-32.879692,-68.852373,2022-06-23,Pan,False,89b2eea185bffff
288,Gonzalo Alonso,,2611933413,-32.864618,-68.912134,2022-07-17,Facturas,False,89b2eeaa137ffff
289,Martín Torres,,2616170227,-32.882432,-68.822674,2024-01-21,Pan,False,89b2eea19c3ffff
290,Juan Pérez,juan.pérez@email.com,,-32.933858,-68.811487,2021-12-06,,False,89b2eeae227ffff
291,María Fernández,maría.fernández@email.com,2615816582,-32.879345,-68.858259,2022-04-17,Facturas,False,89b2eea1a93ffff
292,Camila Díaz,camila.díaz@email.com,2617333337,-32.870517,-68.777679,2022-02-08,Pan,False,89b2eea0873ffff
293,Martina Martínez,martina.martínez@email.com,2613994290,-32.884044,-68.838353,2023-01-05,Bebidas,False,89b2eea1877ffff
294,Sofía González,sofía.gonzález@email.com,2618767916,-32.903281,-68.871295,2023-10-11,,False,89b2eeaf4dbffff
295,Martina Moreno,martina.moreno@email.com,2616807596,-32.86459,-68.871483,2020-11-13,Tortas,False,89b2eea1337ffff
296,Ana Rodríguez,ana.rodríguez@email.com,2611262492,-32.887353,-68.86013,2021-05-07,Facturas,False,89b2eea1a13ffff
297,Catalina Rodríguez,catalina.rodríguez@email.com,2611816653,-32.875131,-68.83579,2021-05-16,,False,89b2eea188fffff
298,Martín Gómez,martín.gómez@email.com,2611946973,-32.858374,-68.8611,2020-10-13,Otros,True,89b2eea1163ffff
299,Sofía Torres,sofía.torres@email.com,2616379867,-32.897596,-68.875163,2021-04-30,Tortas,True,89b2eeaa9bbffff
300,Alejandro Gómez,alejandro.gómez@email.com,2613938247,-32.902829,-68.834481,2023-07-06,,False,89b2eea1b33ffff
301,Victoria Rodríguez,victoria.rodríguez@email.com,2617394713,-32.86679,-68.873465,2024-05-28,Otros,False,89b2eea1323ffff
302,Camila Álvarez,camila.álvarez@email.com,2618944327,-32.863412,-68.805131,2021-05-08,Facturas,False,89b2eea1db3ffff
303,Luis Romero,luis.romero@email.com,2617987842,-32.877097,-68.789496,2023-02-15,Otros,False,89b2eea0aabffff
304,Sofía Martín,sofía.martín@email.com,2618546170,-32.912714,-68.88314,2024-09-30,Tortas,False,89b2eeaf69bffff
305,Pedro Rodríguez,pedro.rodríguez@email.com,2611663497,-32.942862,-68.800919,2024-11-24,Pan,False,89b2eeae377ffff
306,Gonzalo Navarro,gonzalo.navarro@email.com,2616586214,-32.869869,-68.847468,2021-09-12,Pan,False,89b2eea1ea7ffff
307,Pedro López,pedro.lópez@email.com,2615070038,-32.881101,-68.879565,2023-11-25,Otros,False,89b2eeaad07ffff
308,Javier Gómez,javier.gómez@email.com,2617386444,-32.816127,-68.841923,2022-08-12,Otros,False,89b2eea06cbffff
309,Valentina Martín,valentina.martín@email.com,2618818250,-32.886218,-68.824027,2020-07-20,,False,89b2eea19cfffff
310,Miguel Pérez,miguel.pérez@email.com,2614712363,-32.87507,-68.839083,2024-02-27,Facturas,False,89b2eea1813ffff
311,Martina Torres,martina.torres@email.com,2613557039,-32.913214,-68.831656,2021-02-05,Tortas,False,89b2eeaf5b3ffff
312,Gonzalo Gómez,gonzalo.gómez@email.com,2616663388,-32.833039,-68.805437,2021-06-11,Bebidas,True,89b2eea0037ffff
313,Victoria Romero,victoria.romero@email.com,2613839807,-32.841704,-68.861136,2020-10-13,,False,89b2eea11d3ffff
314,Laura Navarro,laura.navarro@email.com,2619790328,-32.919188,-68.849574,2020-03-10,Pan,True,89b2eeaf557ffff
315,María González,maría.gonzález@email.com,2614882808,-32.887828,-68.812974,2020-05-19,,False,89b2eea19abffff
316,Pedro Gutiérrez,pedro.gutiérrez@email.com,,-32.940274,-68.799913,2023-07-30,,True,89b2eeae30fffff
317,Victoria Alonso,,2617901115,-32.89424,-68.858606,2020-01-25,Pan,False,89b2eea1a3bffff
318,Diego Navarro,diego.navarro@email.com,,-32.919863,-68.895446,2024-07-23,,False,89b2eeaf65bffff
319,Laura López,laura.lópez@email.com,2615042786,-32.864805,-68.8436,2021-01-28,Otros,False,89b2eea1c7bffff
320,Florencia Martín,florencia.martín@email.com,,-32.928199,-68.884652,2022-04-11,Bebidas,False,89b2eeaf667ffff
321,Sofía Jiménez,sofía.jiménez@email.com,2611531577,-32.899574,-68.795729,2020-07-10,Bebidas,False,89b2eeae407ffff
322,Martina Alonso,,,-32.897288,-68.890894,2020-12-16,Pan,False,89b2eeaa9cbffff
323,Camila Ruiz,camila.ruiz@email.com,2612599906,-32.896872,-68.853982,2022-12-17,Pan,False,89b2eea1a2fffff
324,Gonzalo Alonso,gonzalo.alonso@email.com,2615703878,-32.970407,-68.847429,2023-01-17,Otros,False,89b2eeac29bffff
325,Laura Ruiz,,2613419132,-32.896428,-68.824914,2024-03-20,,False,89b2eea196bffff
326,Carlos Jiménez,carlos.jiménez@email.com,2617528964,-32.834031,-68.812003,2023-10-18,Otros,False,89b2eea0077ffff
327,Luis Fernández,luis.fernández@email.com,2611900876,-32.897567,-68.878996,2020-07-19,Bebidas,False,89b2eeaa917ffff
328,Carlos Ruiz,carlos.ruiz@email.com,2617655572,-32.812299,-68.844023,2024-05-03,Tortas,False,89b2eea33afffff
329,Diego Romero,diego.romero@email.com,2617298619,-32.889082,-68.846524,2022-06-03,Facturas,False,89b2eea1aa7ffff
330,Javier Fernández,javier.fernández@email.com,2615134741,-32.883557,-68.850131,2023-12-31,Pan,False,89b2eea184bffff
331,Luis Moreno,luis.moreno@email.com,2617536772,-32.90671,-68.862206,2021-10-10,Tortas,False,89b2eeaf413ffff
332,Juan Jiménez,juan.jiménez@email.com,2612715158,-32.890483,-68.862103,2020-09-28,Pan,False,89b2eea1a03ffff
333,Martín Navarro,martín.navarro@email.com,2611440601,-32.910885,-68.842607,2020-07-02,Tortas,False,89b2eeaf59bffff
334,Catalina Domínguez,catalina.domínguez@email.com,2611207041,-32.897149,-68.80068,2021-08-20,Bebidas,False,89b2eeae41bffff
335,Carlos Navarro,carlos.navarro@email.com,2619742683,-32.969029,-68.813055,2020-12-13,,False,89b2eeac0a7ffff
336,Luis Martín,luis.martín@email.com,2612061446,-32.852117,-68.908002,2020-12-08,Bebidas,False,89b2eea1243ffff
337,Valentina Alonso,valentina.alonso@email.com,2615137094,-32.899781,-68.856943,2024-01-16,,False,89b2eeaf493ffff
338,Catalina Pérez,catalina.pérez@email.com,,-32.931725,-68.869135,2020-01-14,Bebidas,False,89b2eeaf047ffff
339,Catalina Moreno,catalina.moreno@email.com,2616615941,-32.922817,-68.793232,2022-05-31,,True,89b2eeae023ffff
340,Luis Jiménez,luis.jiménez@email.com,2614369728,-32.86143,-68.807653,2022-09-08,Tortas,False,89b2eea0e4bffff
341,Javier Ruiz,javier.ruiz@email.com,2619237735,-32.86785,-68.879672,2023-03-25,Facturas,False,89b2eea1367ffff
342,Diego Moreno,diego.moreno@email.com,2614352088,-32.905236,-68.831119,2023-04-27,Otros,False,89b2eea1b27ffff
343,Martina González,martina.gonzález@email.com,2614517316,-32.926164,-68.82441,2022-06-16,Tortas,False,89b2eeae21bffff
344,Carlos Álvarez,carlos.álvarez@email.com,,-32.89671,-68.857045,2021-09-12,Facturas,False,89b2eea1a2bffff
345,Luis Álvarez,luis.álvarez@email.com,,-32.868171,-68.832472,2023-05-09,Bebidas,False,89b2eea1c2fffff
346,Martina Gutiérrez,martina.gutiérrez@email.com,2618017921,-32.900329,-68.81102,2023-01-18,Pan,False,89b2eeae44bffff
347,Florencia Navarro,florencia.navarro@email.com,2612834914,-32.921932,-68.827322,2024-04-23,Facturas,False,89b2eeae2c3ffff
348,Florencia Sánchez,florencia.sánchez@email.com,,-32.871707,-68.855086,2023-08-14,,False,89b2eea1e07ffff
349,Miguel Álvarez,miguel.álvarez@email.com,,-32.879716,-68.883333,2021-03-30,Otros,False,89b2eeaad1bffff
350,Martina Torres,martina.torres@email.com,2617276684,-32.861779,-68.851347,2022-03-12,Bebidas,False,89b2eea1e97ffff
351,Gonzalo Gutiérrez,gonzalo.gutiérrez@email.com,2619099554,-32.905182,-68.81433,2020-08-02,Tortas,False,89b2eeae6bbffff
352,Carlos López,carlos.lópez@email.com,2616843985,-32.91063,-68.888054,2021-09-30,Tortas,False,89b2eeaa96fffff
353,Pedro Gutiérrez,pedro.gutiérrez@email.com,2618351204,-32.936199,-68.82762,2024-01-18,,False,89b2eeae26bffff
354,Carlos Jiménez,,2611378915,-32.927913,-68.793156,2024-10-05,Tortas,False,89b2eeae397ffff
355,Laura Gómez,laura.gómez@email.com,2616553084,-32.951958,-68.794906,2023-02-20,Bebidas,True,89b2eeac587ffff
356,Sofía Moreno,sofía.moreno@email.com,2618250013,-32.883169,-68.848701,2022-03-21,Pan,False,89b2eea184fffff
357,Pedro Romero,pedro.romero@email.com,2614603680,-32.905848,-68.833826,2021-02-25,Tortas,False,89b2eea1b23ffff
358,Carlos Torres,carlos.torres@email.com,2614136665,-32.890629,-68.812701,2022-01-19,Tortas,False,89b2eea1933ffff
359,Ana Martín,ana.martín@email.com,2616258048,-32.886073,-68.841291,2023-05-07,Bebidas,False,89b2eea1863ffff
360,Gonzalo López,gonzalo.lópez@email.com,2613894531,-32.900408,-68.847508,2024-07-24,,False,89b2eea1b43ffff
361,Valentina Domínguez,valentina.domínguez@email.com,2616254384,-32.880266,-68.897105,2020-08-29,Facturas,False,89b2eeaac2fffff
362,Laura Díaz,laura.díaz@email.com,2618016887,-32.929946,-68.823502,2023-05-06,Facturas,False,89b2eeae20bffff
363,Camila Sánchez,camila.sánchez@email.com,2613906397,-32.884374,-68.85132,2023-02-10,Facturas,False,89b2eea1ab3ffff
364,Luis Sánchez,luis.sánchez@email.com,2611899447,-32.888947,-68.835373,2024-11-07,Tortas,True,89b2eea1b93ffff
365,Victoria Martínez,victoria.martínez@email.com,2619479842,-32.905693,-68.869149,2023-08-30,Bebidas,False,89b2eeaf4cfffff
366,Victoria Álvarez,victoria.álvarez@email.com,2613806047,-32.883625,-68.875151,2020-06-18,Otros,False,89b2eeaad33ffff
367,Sofía Jiménez,,2615843084,-32.877252,-68.896878,2020-12-10,Bebidas,False,89b2eeaac23ffff
368,Victoria Navarro,victoria.navarro@email.com,2615494430,-32.858625,-68.831622,2024-05-06,Otros,False,89b2eea1cabffff
369,Florencia Navarro,florencia.navarro@email.com,,-32.881819,-68.816319,2024-01-12,Bebidas,False,89b2eea198bffff
370,Camila López,camila.lópez@email.com,2615152891,-32.839536,-68.815369,2021-09-01,Pan,False,89b2eea006fffff
371,Florencia Fernández,florencia.fernández@email.com,2614975295,-32.944726,-68.884187,2021-03-05,,False,89b2eeaf23bffff
372,Florencia Domínguez,florencia.domínguez@email.com,2613335975,-32.908245,-68.845017,2024-05-26,Facturas,False,89b2eea1b6fffff
373,María Torres,maría.torres@email.com,2613824903,-32.87397,-68.867572,2021-10-24,,False,89b2eea1e4fffff
374,Gonzalo Martín,gonzalo.martín@email.com,2612597613,-32.883897,-68.868461,2020-10-04,Bebidas,True,89b2eea1adbffff
375,Diego Martínez,diego.martínez@email.com,,-32.907846,-68.888,2020-10-26,,False,89b2eeaa963ffff
376,Sofía Moreno,sofía.moreno@email.com,2615508325,-32.917197,-68.886351,2023-07-09,Bebidas,False,89b2eeaf6c7ffff
377,Carlos Fernández,carlos.fernández@email.com,2617191986,-32.918776,-68.814191,2022-07-20,Bebidas,False,89b2eeae297ffff
378,Juan Fernández,juan.fernández@email.com,2617009980,-32.917982,-68.766829,2024-10-07,Pan,False,89b2eea5243ffff
379,Javier Pérez,javier.pérez@email.com,2619299939,-32.8747,-68.840255,2021-07-03,Tortas,False,89b2eea18c7ffff
380,Miguel Navarro,miguel.navarro@email.com,2619142618,-32.915251,-68.824791,2024-06-02,Tortas,True,89b2eeae663ffff
381,María Rodríguez,,2618710502,-32.906769,-68.84214,2020-02-03,Pan,True,89b2eea1b67ffff
382,Laura Romero,laura.romero@email.com,2618177281,-32.812697,-68.848682,2021-02-18,,True,89b2eea3333ffff
383,Valentina Sánchez,valentina.sánchez@email.com,2612565985,-32.855022,-68.866895,2023-09-02,Tortas,False,89b2eea114fffff
384,Florencia Sánchez,,2614928281,-32.89055,-68.792676,2022-05-29,,False,89b2eeae483ffff
385,Ana González,ana.gonzález@email.com,,-32.908309,-68.791427,2023-04-30,Facturas,False,89b2eeae097ffff
386,Martín González,,2613023227,-32.868267,-68.862674,2024-10-27,Bebidas,False,89b2eea1e1bffff
387,Victoria Fernández,victoria.fernández@email.com,,-32.870528,-68.816623,2024-07-08,Pan,False,89b2eea1d0fffff
388,Florencia Jiménez,florencia.jiménez@email.com,2613233823,-32.870846,-68.892907,2023-08-06,,False,89b2eeaacafffff
389,Alejandro Torres,,2618383643,-32.911314,-68.853226,2021-12-20,,False,89b2eeaf4afffff
390,Luis Álvarez,luis.álvarez@email.com,2614644760,-32.891733,-68.82718,2020-06-26,Pan,False,89b2eea194fffff
391,Ana Torres,ana.torres@email.com,2618203947,-32.884169,-68.88586,2021-10-06,Facturas,False,89b2eeaad73ffff
392,Carlos Gómez,carlos.gómez@email.com,2615780177,-32.878094,-68.827482,2024-05-14,,False,89b2eea18a7ffff
393,Valentina Pérez,valentina.pérez@email.com,2617572491,-32.872706,-68.813377,2021-08-28,,False,89b2eea1d3bffff
394,Sofía Alonso,sofía.alonso@email.com,2612191383,-32.864482,-68.832025,2022-12-17,Pan,True,89b2eea1c23ffff
395,Miguel Martínez,miguel.martínez@email.com,2618060918,-32.891605,-68.895629,2022-01-18,Otros,False,89b2eeaa8afffff
396,Victoria Fernández,,,-32.876611,-68.839569,2021-06-20,Facturas,False,89b2eea1813ffff
397,María Moreno,maría.moreno@email.com,2619406206,-32.881353,-68.884102,2024-04-20,Bebidas,False,89b2eeaad0bffff
398,Javier Fernández,javier.fernández@email.com,2613561552,-32.921932,-68.814205,2021-07-22,Pan,False,89b2eeae287ffff
399,Alejandro Pérez,alejandro.pérez@email.com,2616481960,-32.890687,-68.825355,2022-03-11,Otros,False,89b2eea1947ffff
400,Carlos Jiménez,carlos.jiménez@email.com,2615003671,-32.88865,-68.844907,2020-04-28,Facturas,False,89b2eea186bffff
401,Camila López,camila.lópez@email.com,2616189026,-32.861351,-68.861281,2023-09-26,,False,89b2eea1ed7ffff
402,Laura López,,,-32.886616,-68.859668,2020-01-24,Facturas,False,89b2eea1a13ffff
403,Florencia Gutiérrez,florencia.gutiérrez@email.com,2615349442,-32.902535,-68.855075,2020-12-07,Tortas,False,89b2eeaf487ffff
404,Diego López,diego.lópez@email.com,,-32.882836,-68.860162,2024-07-10,Bebidas,False,89b2eea1a8bffff
405,Carlos Martín,carlos.martín@email.com,2612293020,-32.851827,-68.872638,2022-10-13,Bebidas,False,89b2eea1397ffff
406,María Alonso,maría.alonso@email.com,2613639223,-32.895106,-68.858992,2021-06-06,Pan,True,89b2eea1a3bffff
407,Ana Gómez,ana.gómez@email.com,,-32.846091,-68.839903,2024-10-24,Pan,False,89b2eea0263ffff
408,Victoria Díaz,victoria.díaz@email.com,2611593302,-32.858545,-68.890367,2023-02-06,,False,89b2eea1227ffff
409,Camila Gómez,camila.gómez@email.com,2616367620,-32.881488,-68.819111,2021-07-09,Pan,False,89b2eea19d7ffff
410,Ana Gutiérrez,ana.gutiérrez@email.com,,-32.887031,-68.813836,2021-04-02,Otros,True,89b2eea1917ffff
411,Javier Fernández,javier.fernández@email.com,2616212643,-32.905019,-68.80352,2021-11-01,Pan,False,89b2eeae47bffff
412,Juan Díaz,juan.díaz@email.com,2616098752,-32.820533,-68.856685,2024-02-23,Otros,False,89b2eea336fffff
413,Florencia Torres,florencia.torres@email.com,2614278644,-32.902865,-68.802198,2024-02-09,Otros,False,89b2eeae473ffff
414,Sofía Martínez,,2614909053,-32.842113,-68.861486,2023-01-14,Tortas,False,89b2eea11d3ffff
415,Juan Ruiz,,2616159172,-32.902106,-68.854254,2020-07-31,Facturas,False,89b2eea1b4bffff
416,Sofía Álvarez,sofía.álvarez@email.com,,-32.929834,-68.87336,2020-10-18,,False,89b2eeaf053ffff
417,María Gómez,maría.gómez@email.com,2617249378,-32.919624,-68.868834,2022-07-27,,False,89b2eeaf46bffff
418,Ana Gutiérrez,ana.gutiérrez@email.com,2612255447,-32.890541,-68.838774,2023-04-27,Otros,False,89b2eea1b9bffff
419,Luis Gómez,luis.gómez@email.com,2617592651,-32.842985,-68.875751,2023-12-06,,False,89b2eea1007ffff
420,Martín Martín,martín.martín@email.com,2613283577,-32.85997,-68.85222,2024-05-16,Otros,False,89b2eea1e97ffff
421,Ana Sánchez,ana.sánchez@email.com,2613025626,-32.890984,-68.825555,2023-01-02,Tortas,True,89b2eea1947ffff
422,Pedro Romero,pedro.romero@email.com,2613011815,-32.923182,-68.834328,2020-07-04,Facturas,False,89b2eeaf537ffff
423,Valentina Domínguez,,2616499465,-32.884506,-68.831026,2020-10-30,Pan,False,89b2eea1823ffff
424,Florencia Moreno,florencia.moreno@email.com,2615364874,-32.880825,-68.772141,2024-08-06,Facturas,False,89b2eea0b83ffff
425,Javier Romero,javier.romero@email.com,2612589226,-32.908632,-68.86173,2022-08-04,Pan,False,89b2eeaf403ffff
426,Luis López,,2614729376,-32.908194,-68.862464,2020-09-24,Facturas,False,89b2eeaf413ffff
427,Florencia Fernández,florencia.fernández@email.com,2612258076,-32.908622,-68.81013,2020-02-14,Pan,False,89b2eeae6afffff
428,Martín Martínez,,2616562484,-32.846885,-68.862922,2020-09-07,Pan,True,89b2eea11cfffff
429,María Sánchez,maría.sánchez@email.com,2617626978,-32.914471,-68.831658,2022-10-13,Pan,False,89b2eeaf5b3ffff
430,Camila Sánchez,camila.sánchez@email.com,2615613428,-32.906067,-68.826812,2021-07-27,Bebidas,True,89b2eeae6cfffff
431,María Domínguez,maría.domínguez@email.com,2615951043,-32.883412,-68.891272,2022-10-18,Bebidas,True,89b2eeaad43ffff
432,Victoria Rodríguez,,2618033593,-32.843075,-68.791924,2021-02-12,,True,89b2eea0177ffff
433,Alejandro Gómez,alejandro.gómez@email.com,2611327658,-32.907884,-68.857431,2022-02-22,,False,89b2eeaf417ffff
434,Martina Alonso,martina.alonso@email.com,2616395626,-32.880924,-68.835766,2022-03-06,Tortas,False,89b2eea1807ffff
435,Miguel Domínguez,miguel.domínguez@email.com,2615713268,-32.869744,-68.785494,2020-04-29,Bebidas,False,89b2eea084bffff
436,Gonzalo Gómez,gonzalo.gómez@email.com,,-32.894808,-68.869749,2023-09-07,Facturas,False,89b2eea1a4fffff
437,María Gómez,maría.gómez@email.com,2617516648,-32.93088,-68.867728,2021-12-27,Facturas,False,89b2eeaf00bffff
438,Gonzalo Ruiz,gonzalo.ruiz@email.com,2611473227,-32.890494,-68.791963,2023-12-11,,False,89b2eeae483ffff
439,Gonzalo Torres,gonzalo.torres@email.com,2619258194,-32.905028,-68.839086,2023-01-15,Tortas,False,89b2eea1b77ffff
440,María Fernández,,2611334336,-32.889993,-68.810148,2022-12-14,Bebidas,False,89b2eea19afffff
441,Catalina Pérez,catalina.pérez@email.com,2613977282,-32.813692,-68.861726,2024-07-01,Tortas,False,89b2eea334fffff
442,Luis Torres,luis.torres@email.com,,-32.904183,-68.814475,2020-08-15,Otros,True,89b2eeae68fffff
443,Carlos Díaz,carlos.díaz@email.com,2612695038,-32.869043,-68.790399,2021-11-20,Tortas,False,89b2eea0a97ffff
444,Laura Álvarez,laura.álvarez@email.com,2616323132,-32.871982,-68.856579,2020-12-22,,True,89b2eea1e07ffff
445,Catalina Díaz,catalina.díaz@email.com,2613941912,-32.87178,-68.812539,2022-02-13,Tortas,False,89b2eea1d3bffff
446,Valentina Martínez,valentina.martínez@email.com,,-32.864886,-68.830582,2023-12-08,Otros,False,89b2eea1c23ffff
447,Gonzalo Rodríguez,gonzalo.rodríguez@email.com,2614706007,-32.8575,-68.810721,2023-08-02,Otros,False,89b2eea1d93ffff
448,Victoria Martínez,victoria.martínez@email.com,,-32.848035,-68.826339,2021-12-11,Tortas,False,89b2eea035bffff
449,Carlos Ruiz,carlos.ruiz@email.com,2615186600,-32.894514,-68.841399,2023-11-20,Pan,False,89b2eea1bc7ffff
450,Ana González,,2618040612,-32.853305,-68.870308,2020-12-06,Bebidas,False,89b2eea114bffff
451,Javier Díaz,javier.díaz@email.com,,-32.87844,-68.8576,2022-09-08,Otros,False,89b2eea1a93ffff
452,Sofía Sánchez,sofía.sánchez@email.com,2611560573,-32.888638,-68.807446,2021-08-26,Pan,False,89b2eea19afffff
453,Ana Fernández,ana.fernández@email.com,2613699529,-32.883767,-68.844407,2024-02-08,Pan,False,89b2eea187bffff
454,Carlos Ruiz,carlos.ruiz@email.com,2619098979,-32.930296,-68.823412,2023-12-13,Pan,False,89b2eeae20bffff
455,Laura Domínguez,laura.domínguez@email.com,2612698824,-32.870135,-68.780902,2021-11-09,Facturas,True,89b2eea0847ffff
456,Camila Navarro,camila.navarro@email.com,2615450404,-32.898733,-68.839225,2023-09-14,Tortas,False,89b2eea1b03ffff
457,Ana Rodríguez,ana.rodríguez@email.com,2619236745,-32.882018,-68.798476,2020-11-10,Pan,False,89b2eea0a73ffff
458,Camila Fernández,camila.fernández@email.com,2619058573,-32.892359,-68.837429,2021-02-12,Pan,False,89b2eea1b83ffff
459,Laura Jiménez,laura.jiménez@email.com,2612937918,-32.871263,-68.840202,2021-09-23,Bebidas,False,89b2eea18d7ffff
460,Diego Fernández,diego.fernández@email.com,2617224691,-32.902893,-68.839977,2024-12-18,Bebidas,False,89b2eea1b0fffff
461,Martín Rodríguez,martín.rodríguez@email.com,2614795715,-32.857291,-68.876595,2024-09-10,Tortas,False,89b2eea138fffff
462,Luis López,,2617945543,-32.885511,-68.866804,2024-03-29,Otros,False,89b2eea1ac3ffff
463,María Moreno,maría.moreno@email.com,2619984440,-32.853649,-68.891496,2023-11-08,Bebidas,False,89b2eea1237ffff
464,Sofía Alonso,sofía.alonso@email.com,2611582647,-32.906268,-68.834484,2022-10-25,Otros,True,89b2eea1b2fffff
465,Gonzalo Domínguez,gonzalo.domínguez@email.com,2618533636,-32.842534,-68.847773,2020-12-20,Facturas,True,89b2eea024bffff
466,Pedro Martínez,,,-32.906156,-68.789365,2023-10-31,Bebidas,False,89b2eeae55bffff
467,Luis Domínguez,luis.domínguez@email.com,2612124274,-32.93294,-68.911764,2020-06-27,Bebidas,False,89b2eea8d0bffff
468,Martina Ruiz,martina.ruiz@email.com,2611207430,-32.8763,-68.860862,2024-05-29,,False,89b2eea1e77ffff
469,Alejandro Álvarez,alejandro.álvarez@email.com,,-32.920137,-68.824549,2023-03-06,Otros,False,89b2eeae2d7ffff
470,Ana López,ana.lópez@email.com,,-32.882186,-68.862722,2021-08-08,Otros,True,89b2eea1ad7ffff
471,Camila Martín,camila.martín@email.com,2618936405,-32.927909,-68.819626,2020-03-17,Facturas,False,89b2eeae203ffff
472,Luis Domínguez,luis.domínguez@email.com,2611650662,-32.869994,-68.848775,2022-03-21,Tortas,False,89b2eea1eafffff
473,María Alonso,maría.alonso@email.com,2611339451,-32.834101,-68.877903,2021-11-22,Tortas,False,89b2eea108bffff
474,Victoria López,victoria.lópez@email.com,2616041225,-32.935266,-68.866557,2024-03-03,Bebidas,False,89b2eeaf073ffff
475,Miguel Martín,miguel.martín@email.com,2612497984,-32.890868,-68.8385,2021-01-19,Bebidas,False,89b2eea1b9bffff
476,Camila Alonso,camila.alonso@email.com,2611942977,-32.896737,-68.835238,2022-11-21,Facturas,False,89b2eea1bbbffff
477,Alejandro Moreno,alejandro.moreno@email.com,2611485669,-32.927046,-68.802487,2020-12-21,Facturas,True,89b2eeae06fffff
478,Pedro Rodríguez,pedro.rodríguez@email.com,2617046090,-32.891965,-68.812281,2023-12-14,Facturas,False,89b2eea1933ffff
479,Martín Gutiérrez,martín.gutiérrez@email.com,2611512765,-32.879218,-68.832097,2021-05-10,Tortas,False,89b2eea18abffff
480,Martín Sánchez,martín.sánchez@email.com,2616867997,-32.872407,-68.832369,2021-12-06,Facturas,False,89b2eea1887ffff
481,Diego Fernández,diego.fernández@email.com,2613733132,-32.870218,-68.805925,2024-10-14,Otros,False,89b2eea1dafffff
482,Pedro Gómez,pedro.gómez@email.com,2615514473,-32.883604,-68.82453,2023-08-27,Bebidas,False,89b2eea19c3ffff
483,Juan Alonso,juan.alonso@email.com,2611141997,-32.892192,-68.802596,2021-04-03,Tortas,False,89b2eeae4c3ffff
484,Valentina Martín,valentina.martín@email.com,2616850369,-32.909792,-68.791772,2022-07-29,Tortas,False,89b2eeae097ffff
485,Valentina Gutiérrez,valentina.gutiérrez@email.com,2612716512,-32.890705,-68.888723,2020-01-16,Otros,True,89b2eeaa9d3ffff
486,Florencia Navarro,florencia.navarro@email.com,2616007595,-32.885657,-68.866232,2023-11-02,Pan,False,89b2eea1acfffff
487,Miguel Martín,miguel.martín@email.com,2615381318,-32.864281,-68.865379,2023-09-05,,True,89b2eea1ec3ffff
488,Valentina Pérez,valentina.pérez@email.com,2611952520,-32.902886,-68.902486,2024-07-07,Otros,False,89b2eeaab83ffff
489,Miguel Martínez,miguel.martínez@email.com,2615959422,-32.903069,-68.918516,2021-06-15,Bebidas,False,89b2eeaaaafffff
490,María Torres,maría.torres@email.com,2614186247,-32.937017,-68.822988,2021-12-03,,False,89b2eeae267ffff
491,Martina Alonso,martina.alonso@email.com,2619511330,-32.865926,-68.833036,2021-09-06,Facturas,False,89b2eea1c2bffff
492,Martina Sánchez,martina.sánchez@email.com,2615339457,-32.918509,-68.847231,2024-01-25,Otros,False,89b2eeaf557ffff
493,Laura Ruiz,laura.ruiz@email.com,2614746820,-32.889608,-68.880551,2024-03-04,Tortas,False,89b2eeaad67ffff
494,Miguel Díaz,miguel.díaz@email.com,2612976045,-32.844398,-68.819479,2022-08-21,Pan,True,89b2eea03cfffff
495,Gonzalo Torres,gonzalo.torres@email.com,,-32.896129,-68.844993,2024-12-26,Facturas,False,89b2eea1bcfffff
496,Javier Gutiérrez,javier.gutiérrez@email.com,,-32.883249,-68.907052,2024-10-15,Facturas,False,89b2eeaa8d7ffff
497,Pedro Ruiz,pedro.ruiz@email.com,2618676774,-32.896915,-68.86626,2020-10-20,Tortas,True,89b2eea1a63ffff
498,Laura Fernández,laura.fernández@email.com,2613966618,-32.919549,-68.854233,2021-10-03,,False,89b2eeaf55bffff
499,Martín Martín,martín.martín@email.com,2613658100,-32.835569,-68.826575,2022-09-29,Pan,False,89b2eea02b3ffff
500,Camila Álvarez,camila.álvarez@email.com,2617430982,-32.906635,-68.828623,2020-01-10,Pan,False,89b2eeae653ffff
